{
    "Objects": [
	        {
            "name": "ExpansionPersonalStorageChest",
            "pos": [
                1397.7984619140626,
                23.20303726196289,
                578.3357543945313
            ],
            "ypr": [
                70.20000457763672,
                0.0,
                -0.0
            ],
            "scale": 0.9999998807907105,
            "enableCEPersistency": 0,
            "customString": ""
        }
    ]
}